mission,gas,unit,source_table,radius_km,comparison_days,satellite_retrievals,mean_difference,sd_difference
OCO-2 v10r,CO2,ppm,B1,100,4,305,-0.39,1.05
OCO-2 v10r,CO2,ppm,B1,200,5,752,-0.66,0.9
OCO-2 v10r,CO2,ppm,B1,300,8,1725,-1.2,1.05
OCO-2 v10r,CO2,ppm,B1,400,11,2894,-1.27,0.87
OCO-2 v10r,CO2,ppm,B1,500,13,4464,-1.31,0.78
OCO-2 v10r,CO2,ppm,B1,600,17,5969,-1.35,0.97
OCO-3 v10.4r,CO2,ppm,B1,100,2,76,-1.62,1.37
OCO-3 v10.4r,CO2,ppm,B1,200,2,76,-1.62,1.37
OCO-3 v10.4r,CO2,ppm,B1,300,4,324,-1.15,1.61
OCO-3 v10.4r,CO2,ppm,B1,400,4,336,-1.13,1.59
OCO-3 v10.4r,CO2,ppm,B1,500,13,938,-1.31,0.78
OCO-3 v10.4r,CO2,ppm,B1,600,17,3980,-1.35,0.97
TROPOMI,CH4,ppb,B2,100,2,96,-3.52,2.86
TROPOMI,CH4,ppb,B2,200,6,711,-7.59,10.8
TROPOMI,CH4,ppb,B2,300,8,1674,-8.39,10.5
TROPOMI,CH4,ppb,B2,400,16,3079,-5.38,16.8
TROPOMI,CH4,ppb,B2,500,25,5312,-0.89,16.8
TROPOMI,CH4,ppb,B2,600,31,9258,0.07,18.6
TROPOMI,CO,ppb,B3,25,32,1217,-6.31,6.04
TROPOMI,CO,ppb,B3,50,41,4738,-6.62,6.25
TROPOMI,CO,ppb,B3,75,41,9822,-5.98,6.3
TROPOMI,CO,ppb,B3,100,42,16667,-5.66,5.95
TROPOMI,CO,ppb,B3,125,42,25133,-5.44,5.75
